Employee ID,First Name,Last Name,Gender,Department,Position,Salary,Email,City,State,,,,,
1001,Vikas,Agarwal,Female,Marketing,SEO Specialist,743292,vikas.agarwal0@email.com,Chennai,Tamil Nadu,,,,,
1002,Neha,Verma,Female,Marketing,Marketing Analyst,689981,neha.verma1@email.com,Pune,Maharashtra,,,,,
1003,Rohit,Patel,Male,IT,Software Developer,567496,rohit.patel2@email.com,Bangalore,Karnataka,,,,,
1004,Amit,Das,Male,HR,Recruiter,536899,amit.das3@email.com,Hyderabad,Telangana,,,,,
1005,Nisha,Gupta,Male,IT,System Administrator,715067,nisha.gupta4@email.com,Mumbai,Maharashtra,,,,,
1006,Rohit,Mishra,Male,IT,Software Developer,338418,rohit.mishra5@email.com,Ahmedabad,Gujarat,,,,,
1007,Deepak,Sharma,Male,Sales,Sales Executive,623775,deepak.sharma6@email.com,Ahmedabad,Gujarat,,,,,
1008,Vikas,Nair,Male,HR,HR Executive,748601,vikas.nair7@email.com,Pune,Maharashtra,,,,,
1009,Simran,Mishra,Male,Finance,Financial Analyst,659277,simran.mishra8@email.com,Hyderabad,Telangana,,,,,
1010,Arjun,Kapoor,Male,Sales,Sales Executive,539887,arjun.kapoor9@email.com,Pune,Maharashtra,,,,,
1011,Kavya,Mishra,Female,Finance,Accountant,420126,kavya.mishra10@email.com,Noida,Uttar Pradesh,,,,,
1012,Kavya,Nair,Female,Finance,Accountant,634427,kavya.nair11@email.com,Mumbai,Maharashtra,,,,,
1013,Simran,Gupta,Male,HR,HR Executive,430508,simran.gupta12@email.com,Mumbai,Maharashtra,,,,,
1014,Rohit,Joshi,Male,Sales,Sales Manager,535122,rohit.joshi13@email.com,Pune,Maharashtra,,,,,
1015,Deepak,Kulkarni,Female,Finance,Financial Analyst,362668,deepak.kulkarni14@email.com,Chennai,Tamil Nadu,,,,,
1016,Amit,Kapoor,Female,Finance,Financial Analyst,734340,amit.kapoor15@email.com,Ahmedabad,Gujarat,,,,,
1017,Arjun,Sharma,Male,HR,HR Executive,482645,arjun.sharma16@email.com,Chennai,Tamil Nadu,,,,,
1018,Kavya,Patel,Female,Finance,Financial Analyst,641480,kavya.patel17@email.com,Pune,Maharashtra,,,,,
1019,Pooja,Mehta,Male,Sales,Sales Executive,680133,pooja.mehta18@email.com,Bangalore,Karnataka,,,,,
1020,Manish,Patel,Male,IT,Data Analyst,657648,manish.patel19@email.com,Chennai,Tamil Nadu,,,,,
1021,Rahul,Gupta,Male,IT,Software Developer,798225,rahul.gupta20@email.com,Mumbai,Maharashtra,,,,,
1022,Priya,Reddy,Female,Sales,Sales Manager,456395,priya.reddy21@email.com,Delhi,Delhi,,,,,
1023,Rohit,Yadav,Male,Finance,Financial Analyst,694179,rohit.yadav22@email.com,Chennai,Tamil Nadu,,,,,
1024,Arjun,Kulkarni,Male,Support,Customer Support,335885,arjun.kulkarni23@email.com,Ahmedabad,Gujarat,,,,,
1025,Manish,Agarwal,Female,HR,HR Executive,640443,manish.agarwal24@email.com,Ahmedabad,Gujarat,,,,,
1026,Priya,Kapoor,Male,Finance,Financial Analyst,773355,priya.kapoor25@email.com,Noida,Uttar Pradesh,,,,,
1027,Deepak,Patel,Male,HR,Recruiter,302713,deepak.patel26@email.com,Noida,Uttar Pradesh,,,,,
1028,Arjun,Gupta,Female,IT,System Administrator,343321,arjun.gupta27@email.com,Bangalore,Karnataka,,,,,
1029,Rohit,Das,Male,Marketing,Marketing Analyst,537263,rohit.das28@email.com,Ahmedabad,Gujarat,,,,,
1030,Kavya,Kulkarni,Female,Sales,Sales Manager,703076,kavya.kulkarni29@email.com,Chennai,Tamil Nadu,,,,,
1031,Karan,Das,Female,Marketing,SEO Specialist,670332,karan.das30@email.com,Chennai,Tamil Nadu,,,,,
1032,Manish,Nair,Male,HR,HR Executive,570910,manish.nair31@email.com,Hyderabad,Telangana,,,,,
1033,Sneha,Joshi,Female,Sales,Sales Manager,561115,sneha.joshi32@email.com,Mumbai,Maharashtra,,,,,
1034,Kavya,Reddy,Female,Sales,Sales Executive,525614,kavya.reddy33@email.com,Bangalore,Karnataka,,,,,
1035,Neha,Gupta,Male,IT,System Administrator,386956,neha.gupta34@email.com,Noida,Uttar Pradesh,,,,,
1036,Simran,Singh,Female,HR,HR Executive,597497,simran.singh35@email.com,Delhi,Delhi,,,,,
1037,Deepak,Patel,Male,Marketing,Marketing Analyst,762280,deepak.patel36@email.com,Bangalore,Karnataka,,,,,
1038,Rahul,Reddy,Male,Finance,Accountant,375922,rahul.reddy37@email.com,Pune,Maharashtra,,,,,
1039,Priya,Verma,Female,Finance,Financial Analyst,790752,priya.verma38@email.com,Bangalore,Karnataka,,,,,
1040,Vikas,Agarwal,Female,Marketing,Marketing Analyst,501426,vikas.agarwal39@email.com,Noida,Uttar Pradesh,,,,,
1041,Vikas,Mehta,Male,Support,Customer Support,634645,vikas.mehta40@email.com,Ahmedabad,Gujarat,,,,,
1042,Arjun,Sharma,Female,Finance,Accountant,645021,arjun.sharma41@email.com,Bangalore,Karnataka,,,,,
1043,Neha,Mishra,Female,Finance,Accountant,656230,neha.mishra42@email.com,Delhi,Delhi,,,,,
1044,Anjali,Patel,Male,HR,Recruiter,617401,anjali.patel43@email.com,Mumbai,Maharashtra,,,,,
1045,Pooja,Joshi,Female,HR,Recruiter,549389,pooja.joshi44@email.com,Ahmedabad,Gujarat,,,,,
1046,Sneha,Patel,Female,Finance,Accountant,349389,sneha.patel45@email.com,Pune,Maharashtra,,,,,
1047,Amit,Mehta,Female,Finance,Accountant,748383,amit.mehta46@email.com,Mumbai,Maharashtra,,,,,
1048,Deepak,Jain,Male,HR,HR Executive,673022,deepak.jain47@email.com,Hyderabad,Telangana,,,,,
1049,Pooja,Verma,Female,IT,QA Tester,414459,pooja.verma48@email.com,Ahmedabad,Gujarat,,,,,
1050,Neha,Mishra,Female,IT,Software Developer,437502,neha.mishra49@email.com,Chennai,Tamil Nadu,,,,,
1051,Rahul,Sharma,Male,IT,QA Tester,655879,rahul.sharma50@email.com,Hyderabad,Telangana,,,,,
1052,Manish,Joshi,Male,Finance,Accountant,713089,manish.joshi51@email.com,Pune,Maharashtra,,,,,
1053,Amit,Das,Male,HR,Recruiter,381359,amit.das52@email.com,Bangalore,Karnataka,,,,,
1054,Rohit,Kapoor,Female,IT,System Administrator,412286,rohit.kapoor53@email.com,Bangalore,Karnataka,,,,,
1055,Kavya,Reddy,Female,Sales,Sales Executive,778499,kavya.reddy54@email.com,Hyderabad,Telangana,,,,,
1056,Neha,Reddy,Female,Finance,Accountant,557064,neha.reddy55@email.com,Ahmedabad,Gujarat,,,,,
1057,Karan,Singh,Female,Finance,Accountant,790582,karan.singh56@email.com,Delhi,Delhi,,,,,
1058,Deepak,Gupta,Female,Marketing,SEO Specialist,618989,deepak.gupta57@email.com,Ahmedabad,Gujarat,,,,,
1059,Sneha,Nair,Male,Marketing,Marketing Analyst,572868,sneha.nair58@email.com,Delhi,Delhi,,,,,
1060,Amit,Gupta,Male,Marketing,Marketing Analyst,471262,amit.gupta59@email.com,Mumbai,Maharashtra,,,,,
1061,Karan,Agarwal,Female,IT,Software Developer,659451,karan.agarwal60@email.com,Bangalore,Karnataka,,,,,
1062,Manish,Jain,Female,Support,Customer Support,349257,manish.jain61@email.com,Mumbai,Maharashtra,,,,,
1063,Manish,Mehta,Male,Support,Customer Support,456501,manish.mehta62@email.com,Hyderabad,Telangana,,,,,
1064,Kavya,Patel,Female,IT,Software Developer,616002,kavya.patel63@email.com,Noida,Uttar Pradesh,,,,,
1065,Simran,Sharma,Female,Support,Customer Support,729698,simran.sharma64@email.com,Ahmedabad,Gujarat,,,,,
1066,Amit,Agarwal,Female,IT,Data Analyst,424568,amit.agarwal65@email.com,Bangalore,Karnataka,,,,,
1067,Sneha,Mehta,Male,IT,QA Tester,714088,sneha.mehta66@email.com,Pune,Maharashtra,,,,,
1068,Rahul,Kapoor,Male,HR,HR Executive,436335,rahul.kapoor67@email.com,Chennai,Tamil Nadu,,,,,
1069,Manish,Joshi,Male,HR,Recruiter,560222,manish.joshi68@email.com,Bangalore,Karnataka,,,,,
1070,Amit,Reddy,Female,HR,Recruiter,483740,amit.reddy69@email.com,Pune,Maharashtra,,,,,
1071,Sneha,Agarwal,Female,Finance,Accountant,321086,sneha.agarwal70@email.com,Noida,Uttar Pradesh,,,,,
1072,Priya,Das,Male,HR,Recruiter,412484,priya.das71@email.com,Chennai,Tamil Nadu,,,,,
1073,Rohit,Yadav,Female,Support,Support Engineer,392176,rohit.yadav72@email.com,Hyderabad,Telangana,,,,,
1074,Amit,Jain,Female,Finance,Financial Analyst,565044,amit.jain73@email.com,Noida,Uttar Pradesh,,,,,
1075,Sneha,Joshi,Female,HR,HR Executive,528310,sneha.joshi74@email.com,Delhi,Delhi,,,,,
